{
  "dependencies": [
    {
      "name": "@types/jest",
      "type": "build"
    },
    {
      "name": "@types/node",
      "type": "build"
    },
    {
      "name": "@typescript-eslint/eslint-plugin",
      "version": "^7",
      "type": "build"
    },
    {
      "name": "@typescript-eslint/parser",
      "version": "^7",
      "type": "build"
    },
    {
      "name": "aws-cdk",
      "version": "^2.164.1",
      "type": "build"
    },
    {
      "name": "esbuild",
      "type": "build"
    },
    {
      "name": "eslint-import-resolver-typescript",
      "type": "build"
    },
    {
      "name": "eslint-plugin-import",
      "type": "build"
    },
    {
      "name": "eslint",
      "version": "^8",
      "type": "build"
    },
    {
      "name": "jest",
      "type": "build"
    },
    {
      "name": "jest-junit",
      "version": "^15",
      "type": "build"
    },
    {
      "name": "projen",
      "type": "build"
    },
    {
      "name": "ts-jest",
      "type": "build"
    },
    {
      "name": "ts-node",
      "type": "build"
    },
    {
      "name": "typescript",
      "type": "build"
    },
    {
      "name": "@aws-lambda-powertools/jmespath",
      "type": "runtime"
    },
    {
      "name": "@aws-sdk/client-api-gateway",
      "type": "runtime"
    },
    {
      "name": "@aws-sdk/client-cloudformation",
      "type": "runtime"
    },
    {
      "name": "@aws-sdk/client-codebuild",
      "type": "runtime"
    },
    {
      "name": "@aws-sdk/client-cognito-identity-provider",
      "type": "runtime"
    },
    {
      "name": "@aws-sdk/client-dynamodb",
      "type": "runtime"
    },
    {
      "name": "@aws-sdk/client-s3",
      "type": "runtime"
    },
    {
      "name": "@aws-sdk/client-sfn",
      "type": "runtime"
    },
    {
      "name": "@aws-sdk/client-sts",
      "type": "runtime"
    },
    {
      "name": "@aws-sdk/lib-dynamodb",
      "type": "runtime"
    },
    {
      "name": "@types/artillery",
      "type": "runtime"
    },
    {
      "name": "@types/aws-lambda",
      "type": "runtime"
    },
    {
      "name": "aws-cdk-lib",
      "version": "^2.164.1",
      "type": "runtime"
    },
    {
      "name": "aws-jwt-verify",
      "type": "runtime"
    },
    {
      "name": "aws-lambda",
      "type": "runtime"
    },
    {
      "name": "cdk-nag",
      "type": "runtime"
    },
    {
      "name": "constructs",
      "version": "^10.0.5",
      "type": "runtime"
    },
    {
      "name": "http-status-codes",
      "type": "runtime"
    },
    {
      "name": "source-map-support",
      "type": "runtime"
    }
  ],
  "//": "~~ Generated by projen. To modify, edit .projenrc.ts and run \"npx projen\"."
}
