{
  "app": "npx ts-node -P tsconfig.json --prefer-ts-exts src/main.ts",
  "context": {
    "@aws-cdk/customresources:installLatestAwsSdkDefault": false
  },
  "output": "cdk.out",
  "build": "npx projen bundle",
  "watch": {
    "include": [
      "src/**/*.ts",
      "test/**/*.ts"
    ],
    "exclude": [
      "README.md",
      "cdk*.json",
      "**/*.d.ts",
      "**/*.js",
      "tsconfig.json",
      "package*.json",
      "yarn.lock",
      "node_modules"
    ]
  },
  "//": "~~ Generated by projen. To modify, edit .projenrc.ts and run \"npx projen\"."
}
